DaysOnMarket,Latitude,Longitude,BathroomsTotalInteger,LivingArea,FireplaceYN,YearBuilt,ParkingTotal,BedroomsTotal,PoolPrivateYN,LotSizeAcres,Stories
74,33.879307,-118.266288,3.0,1917.0,False,1963.0,2.0,4.0,False,0.1275,2.0
9,33.887814,-118.214048,1.0,1118.0,True,1947.0,2.0,3.0,False,0.1408,1.0
4,33.651358,-117.654968,2.0,1472.0,True,1976.0,4.0,4.0,False,0.1194,1.0
0,34.123123,-118.170365,3.0,1804.0,True,1961.0,2.0,4.0,False,0.1378,1.0
6,33.696124,-117.794979,2.0,1593.0,True,1974.0,2.0,3.0,False,0.095,1.0
0,37.53708649,-121.94027625,2.0,1434.0,True,1961.0,2.0,3.0,False,0.1591,1.0
187,34.118766,-116.430929,2.0,1501.0,True,2007.0,2.0,3.0,False,0.0947,1.0
7,33.603949,-117.722256,2.0,1240.0,False,1970.0,2.0,3.0,False,0.051,1.0
17,38.00658252,-121.94495689,3.0,3168.0,True,2002.0,3.0,5.0,False,0.1354,2.0
118,34.107302000000004,-118.230069,2.0,862.0,False,1930.0,0.0,2.0,False,0.0697,1.0
181,33.75849,-116.699006,3.0,2257.0,True,1957.0,4.0,5.0,False,1.4,2.0
25,37.20069264,-121.83152943,3.0,2216.0,True,1977.0,2.0,4.0,False,0.1652,2.0
26,35.354658,-119.050098,2.0,1192.0,False,1955.0,1.0,3.0,False,0.15,1.0
144,33.824732,-116.441061,2.0,1636.0,False,1989.0,2.0,4.0,True,0.17,1.0
197,34.391815,-117.34586000000002,2.0,1361.0,True,1993.0,2.0,3.0,False,0.3574,1.0
19,32.750555,-117.060363,1.0,1231.0,False,1951.0,2.0,3.0,False,0.1676,1.0
22,34.284782,-118.456056,3.0,1742.0,True,1955.0,3.0,3.0,False,0.1624,1.0
46,33.713016,-116.297023,4.0,3215.0,False,2024.0,2.0,3.0,True,0.21,1.0
0,34.177024,-118.399248,1.0,1171.0,True,1928.0,2.0,3.0,True,0.1802,1.0
60,33.742789,-116.960687,2.0,984.0,False,1954.0,2.0,3.0,False,0.18,1.0
53,33.676741,-117.244628,4.0,3902.0,True,2004.0,3.0,6.0,True,0.34,2.0
4,36.59320111,-121.84726891,2.0,1152.0,True,1956.0,2.0,3.0,True,0.1382,1.0
11,34.641167,-118.217998,2.0,1239.0,False,1972.0,2.0,3.0,False,0.3087,1.0
158,33.60878,-117.110182,4.0,2974.0,True,2006.0,3.0,4.0,False,0.17,2.0
21,33.692417,-118.00761,5.0,4200.0,True,2000.0,8.0,4.0,False,0.2385,2.0
6,33.936284,-117.221551,2.0,1616.0,False,1978.0,8.0,4.0,False,0.17,1.0
27,39.758874,-121.639846,2.0,1552.0,True,1962.0,2.0,3.0,False,0.34,1.0
10,37.99255349,-122.04167983,3.0,2029.0,True,1938.0,1.0,3.0,False,0.2296,1.0
35,34.388177,-118.549337,2.0,1869.0,True,1972.0,2.0,3.0,True,0.1468,1.0
6,34.278723,-118.532753,3.0,3580.0,True,1980.0,3.0,4.0,True,0.3169,2.0
17,33.09203761,-117.21397111,5.0,3875.0,False,2007.0,2.0,5.0,False,0.1179,2.0
56,33.649806,-116.249568,4.0,4050.0,True,2007.0,3.0,3.0,True,0.53,1.0
2,33.885769,-117.446379,4.0,3326.0,True,2018.0,3.0,4.0,True,0.37,1.0
5,33.829105,-118.11968,1.0,1180.0,True,1942.0,4.0,2.0,False,0.1338,1.0
6,37.53791575,-121.94926425,2.0,1148.0,True,1956.0,2.0,3.0,False,0.1263,1.0
21,33.106969,-117.251734,3.0,1900.0,True,1979.0,2.0,3.0,False,0.2081,1.0
44,32.734466,-117.02458500000002,1.0,1164.0,False,1965.0,2.0,2.0,True,0.13,1.0
7,34.281595,-118.543309,2.0,1679.0,True,1974.0,2.0,3.0,False,0.4205,1.0
11,33.809182,-118.37793700000002,4.0,3480.0,True,1986.0,4.0,4.0,False,0.1503,2.0
17,33.956194,-118.07686,2.0,1085.0,False,1950.0,1.0,3.0,False,0.1193,1.0
7,37.73513023,-121.86859965,3.0,2723.0,True,2018.0,2.0,4.0,False,0.1055,2.0
2,32.725947999999995,-117.040223,2.0,1225.0,True,1959.0,4.0,3.0,False,0.2571,1.0
3,33.793646,-117.932798,2.0,1177.0,True,1955.0,5.0,3.0,False,0.1742,1.0
7,33.84061,-116.473398,2.0,1250.0,False,1984.0,6.0,3.0,False,0.19,1.0
104,33.868374,-118.384604,2.0,1805.0,True,1980.0,2.0,3.0,False,0.0618,2.0
84,33.710692,-117.176422,2.0,2512.0,True,2003.0,2.0,4.0,False,0.21,1.0
7,34.144915000000005,-117.678386,3.0,2148.0,True,1988.0,3.0,4.0,False,0.1337,2.0
6,34.116328,-117.156159,4.0,3311.0,True,2017.0,2.0,5.0,False,0.2297,2.0
9,34.100974,-117.653463,3.0,1802.0,True,1965.0,2.0,4.0,False,0.1901,1.0
167,33.837854,-116.486309,4.0,2100.0,True,2014.0,6.0,3.0,True,0.16,1.0
14,32.847709,-117.209239,3.0,2352.0,True,1970.0,6.0,5.0,True,0.2089,2.0
33,32.97174921,-117.08650997,3.0,1895.0,False,1987.0,4.0,3.0,False,0.1761,2.0
20,41.499216,-122.38201399999998,3.0,1400.0,True,2003.0,2.0,3.0,False,0.24,2.0
9,34.081749,-117.94709,2.0,1103.0,False,1950.0,1.0,3.0,False,0.115,1.0
207,33.952870000000004,-117.03902,3.0,2680.0,False,2024.0,2.0,4.0,False,0.1715,2.0
22,37.56324976,-122.25162325,3.0,1860.0,True,1966.0,2.0,3.0,False,0.1199,1.0
9,37.69803598,-121.7934574,3.0,1683.0,True,1998.0,2.0,4.0,False,0.1471,2.0
7,37.73777467,-121.93393773,3.0,2113.0,False,1980.0,3.0,4.0,False,0.1607,2.0
6,33.793456,-116.288975,2.0,1865.0,False,2003.0,2.0,3.0,False,0.15,1.0
5,33.811315,-118.005678,2.0,2169.0,True,1956.0,2.0,3.0,False,0.1791,1.0
7,37.81904804,-122.21148675,2.0,1571.0,True,1951.0,2.0,2.0,False,0.1607,1.0
0,32.57014385,-117.06332214,2.0,1338.0,True,1977.0,4.0,4.0,False,0.1229,1.0
107,34.160758,-119.225954,3.0,2547.0,True,1975.0,2.0,4.0,False,0.0603,2.0
142,33.872015000000005,-117.382049,5.0,4917.0,True,2024.0,4.5,5.0,False,2.6,2.0
39,32.730575,-117.014065,2.0,1188.0,False,1970.0,1.0,3.0,True,0.2185,1.0
3,33.447342,-117.651149,3.0,2298.0,True,1980.0,4.0,4.0,False,0.1377,2.0
10,37.29206,-120.498777,1.0,1050.0,False,1960.0,2.0,3.0,False,0.5,1.0
5,34.274165,-118.481442,2.0,1720.0,False,1954.0,2.0,4.0,False,0.1729,1.0
13,34.040831,-117.035751,1.0,1586.0,True,1955.0,2.0,4.0,False,0.25,1.0
3,37.50536667,-122.46413922,4.0,2640.0,True,2008.0,2.0,4.0,False,0.1302,1.0
26,33.968067,-116.509415,2.0,1867.0,True,1987.0,3.0,2.0,True,0.15,2.0
31,33.989878999999995,-117.36982,3.0,1586.0,True,2003.0,2.0,3.0,False,0.06,2.0
14,32.656855,-116.98198,4.0,2424.0,True,1988.0,4.0,4.0,False,0.1508,2.0
27,32.67525518,-117.05884786,2.0,1566.0,True,1961.0,4.0,3.0,False,0.9957,2.0
13,34.566128000000006,-118.171986,3.0,2544.0,True,2005.0,4.0,4.0,False,0.1451,2.0
10,32.698396,-117.129195,2.0,932.0,False,2015.0,0.0,3.0,False,0.0861,1.0
13,37.88217066,-122.26699561,2.0,1196.0,True,1928.0,1.0,2.0,False,0.0585,1.0
122,37.424445,-120.788397,3.0,1559.0,False,2003.0,2.0,4.0,False,0.1338,2.0
4,34.145374,-117.241334,3.0,2072.0,True,1964.0,2.0,4.0,True,0.2075,2.0
15,33.750227,-117.020544,2.0,2457.0,True,2010.0,2.0,3.0,False,0.17,1.0
250,33.756509,-116.733307,2.0,1936.0,True,1992.0,7.0,3.0,False,0.21,1.0
7,37.92243649,-121.71503924,3.0,1802.0,True,1994.0,2.0,3.0,False,0.1281,2.0
25,38.16003655,-122.18448439,3.0,1665.0,True,2004.0,2.0,3.0,False,0.06,2.0
28,34.016036,-117.027996,1.0,1446.0,True,1956.0,2.0,2.0,False,0.3551,1.0
26,33.19447382,-117.22638292,3.0,2258.0,True,1967.0,6.0,3.0,False,0.3489,1.0
7,37.41562084,-121.86852278,2.0,1300.0,True,1964.0,2.0,3.0,False,0.1416,1.0
99,33.794581,-116.298364,2.0,1632.0,True,2001.0,2.0,2.0,False,0.13,1.0
14,34.156893,-117.344775,2.0,1056.0,True,1945.0,0.0,3.0,False,0.5041,1.0
3,34.688385,-118.21371299999998,3.0,2818.0,True,2003.0,3.0,5.0,True,0.1577,2.0
119,33.950465,-117.250021,3.0,1550.0,True,1985.0,2.0,3.0,False,0.18,2.0
2,39.41159,-123.797321,2.0,1620.0,True,1969.0,2.0,2.0,False,1.07,1.0
141,33.738736,-116.26797,2.0,1287.0,False,2024.0,2.0,3.0,False,0.1464,1.0
53,39.744897,-121.774821,3.0,1678.0,False,2024.0,2.0,4.0,False,0.1212,2.0
47,33.968449,-117.350757,3.0,1848.0,True,1908.0,10.0,5.0,False,0.19,2.0
21,33.810853,-117.194276,3.0,2311.0,False,2024.0,4.0,5.0,False,0.1822,2.0
75,32.96895197,-117.19928399,5.0,3484.0,False,2019.0,4.0,4.0,False,0.1449,2.0
26,33.970613,-117.894082,2.0,1525.0,True,1971.0,2.0,4.0,True,0.146,1.0
8,33.915099,-117.910252,3.0,1910.0,False,1954.0,2.0,4.0,False,0.1435,1.0
12,33.976132,-117.572286,3.0,2985.0,True,2004.0,3.0,5.0,False,0.15,2.0
90,33.796085999999995,-116.29658700000002,2.0,1914.0,True,2001.0,4.0,2.0,False,0.27,1.0
19,32.90561558,-117.10147548,3.0,2802.0,True,1985.0,6.0,5.0,True,0.1423,2.0
3,33.882956,-117.779914,3.0,2403.0,True,1989.0,4.0,3.0,False,0.0676,2.0
2,33.340207,-117.14861100000002,3.0,1985.0,False,2023.0,4.0,3.0,False,0.0623,2.0
6,39.722966,-121.82493,1.0,1313.0,False,1951.0,0.0,2.0,False,0.2,1.0
55,37.97003647,-122.01608309,3.0,4045.0,True,1948.0,2.0,6.0,False,0.3168,2.0
27,33.996445,-117.669054,3.0,2967.0,True,2016.0,2.0,5.0,False,0.101,2.0
12,37.50299826,-121.92238649,2.0,1749.0,True,1975.0,2.0,4.0,False,0.1377,1.0
13,37.82686603,-122.18734517,3.0,1928.0,True,1957.0,2.0,3.0,False,0.1182,2.0
30,33.684434,-117.393777,3.0,1914.0,True,1995.0,3.0,4.0,True,0.16,2.0
21,33.806105,-118.099662,2.0,1210.0,True,1951.0,2.0,2.0,False,0.1231,1.0
5,32.9469,-117.198724,3.0,2087.0,True,1996.0,6.0,4.0,False,0.1194,2.0
92,38.16243883,-121.60114938,3.0,2018.0,False,2010.0,6.0,3.0,False,0.0619,2.0
7,34.2575,-117.175732,3.0,1754.0,True,1963.0,0.0,3.0,False,0.1469,2.0
8,33.819715,-117.825969,3.0,2721.0,True,1965.0,2.0,4.0,True,0.1837,2.0
52,34.094796,-116.418715,2.0,1463.0,True,2005.0,2.0,3.0,False,0.2583,1.0
30,33.340528000000006,-117.149783,3.0,1985.0,True,2022.0,2.0,4.0,False,0.0743,2.0
28,34.163340000000005,-118.385908,2.0,1499.0,False,1940.0,4.0,3.0,False,0.1523,1.0
14,34.215841,-118.624259,2.0,1743.0,True,1956.0,2.0,4.0,False,0.1595,1.0
18,37.72960524,-122.13334033,3.0,3045.0,True,1956.0,2.0,3.0,False,0.2296,2.0
42,33.71919797,-117.13702573,3.0,2208.0,False,2020.0,5.0,4.0,False,0.296,2.0
69,33.897954,-118.205312,1.0,862.0,False,1959.0,2.0,2.0,False,0.1325,1.0
9,34.145481,-117.840997,2.0,1764.0,True,1962.0,2.0,3.0,True,0.2299,1.0
6,32.73675335,-117.04994593,2.0,1412.0,True,1961.0,4.0,3.0,False,0.1997,1.0
80,34.137772,-117.905279,3.0,2913.0,True,2008.0,2.0,3.0,True,0.1907,2.0
1,34.225066,-118.528163,2.0,1343.0,False,1954.0,2.0,4.0,False,0.1642,1.0
4,34.425841,-118.43511,2.0,1698.0,True,1980.0,2.0,4.0,False,0.1864,1.0
6,33.88957,-117.477928,2.0,1310.0,True,1978.0,2.0,3.0,False,0.21,1.0
3,33.795992,-117.213619,2.0,1197.0,True,1991.0,2.0,3.0,False,0.11,1.0
11,34.24566,-118.490506,2.0,1191.0,True,1955.0,2.0,3.0,True,0.1742,1.0
65,37.639132,-121.819104,3.0,2627.0,True,1998.0,3.0,4.0,False,0.1607,1.0
6,37.52173776,-122.28556263,3.0,2025.0,True,1959.0,2.0,4.0,False,0.1561,2.0
15,37.89264307,-122.28727327,2.0,1050.0,True,1965.0,1.0,2.0,False,0.0636,1.0
0,36.62778967,-121.92578304,2.0,1192.0,True,1938.0,2.0,2.0,True,0.1768,1.0
43,37.65577111,-121.86506667,2.0,1630.0,True,1960.0,2.0,3.0,False,0.2017,1.0
8,33.984053,-117.459211,2.0,1560.0,False,1975.0,3.0,3.0,False,0.1,1.0
10,33.997343,-117.036353,3.0,1898.0,False,2021.0,2.0,4.0,False,0.13,1.0
9,33.691520000000004,-117.380617,2.0,1056.0,False,1985.0,2.0,3.0,False,0.16,1.0
38,33.851351,-118.187745,1.0,726.0,False,1924.0,2.0,2.0,False,0.0519,1.0
48,34.124771,-118.076632,2.0,1371.0,True,1963.0,2.0,3.0,False,0.1149,1.0
15,34.623275,-120.074827,3.0,2361.0,True,1970.0,2.0,4.0,True,5.0,2.0
57,33.68366716,-117.24967488,6.0,4185.0,True,1981.0,2.0,6.0,False,0.14,1.0
36,33.772047,-117.900522,3.0,2000.0,False,1955.0,2.0,5.0,True,0.1653,1.0
2,33.810165000000005,-118.304513,2.0,1040.0,False,1971.0,2.0,3.0,False,0.1267,1.0
1,37.37430431,-122.04182635,1.0,924.0,False,1948.0,0.0,3.0,False,0.1414,1.0
199,34.205006,-118.590946,2.0,1854.0,True,1948.0,0.0,3.0,False,0.5582,2.0
11,33.690832,-117.374924,2.0,1120.0,False,1977.0,1.0,3.0,False,0.13,1.0
45,33.825362,-117.950509,2.0,1502.0,True,1956.0,2.0,4.0,True,0.1606,1.0
13,34.163068,-117.42368,2.0,1357.0,True,1991.0,4.0,3.0,False,0.1446,1.0
59,36.81733611,-121.6450867,2.0,1488.0,True,1994.0,2.0,3.0,False,5.0,1.0
38,37.99604785,-121.793786,2.0,1942.0,True,1979.0,2.0,3.0,False,0.1837,1.0
31,34.237338,-116.857729,2.0,1280.0,True,1971.0,4.0,3.0,False,0.2073,2.0
75,33.75993,-116.322634,3.0,2639.0,True,1991.0,2.0,4.0,True,0.28,1.0
63,33.723885,-116.996642,2.0,1189.0,True,1984.0,2.0,2.0,False,0.06,1.0
6,33.708791,-117.975652,3.0,2154.0,True,1970.0,2.0,4.0,False,0.0983,2.0
79,34.432495,-118.539826,2.0,1080.0,True,1970.0,2.0,2.0,True,0.2174,1.0
38,34.643007,-118.253317,3.0,2488.0,False,2025.0,2.0,4.0,False,0.3142,1.0
7,37.24064424,-121.98241598,3.0,2559.0,True,1953.0,2.0,4.0,False,0.1702,1.0
22,33.601932,-117.239749,3.0,2846.0,True,2016.0,2.0,4.0,False,0.21,2.0
5,37.2855938,-121.90443636,2.0,1500.0,False,1947.0,1.0,3.0,True,0.1881,1.0
30,33.900467,-118.338839,1.0,1226.0,False,1951.0,1.0,3.0,False,0.1149,1.0
157,35.50414400000001,-120.669922,2.0,1728.0,True,1961.0,0.0,4.0,True,0.7392,2.0
19,33.925749,-118.418224,3.0,1328.0,False,1918.0,1.0,3.0,False,0.1542,1.0
49,37.66791851,-121.69128513,2.0,1968.0,True,1966.0,4.0,3.0,False,5.05,1.0
41,34.090340999999995,-118.019395,1.0,1590.0,True,1950.0,1.0,3.0,False,0.1239,1.0
15,34.145836,-117.367662,4.0,3325.0,True,2022.0,3.0,5.0,False,0.1548,2.0
154,34.074519,-118.600348,4.0,2426.0,True,1969.0,6.0,4.0,False,2.9583,1.0
82,33.799269,-116.437896,3.0,2830.0,True,1980.0,3.0,3.0,True,0.08,1.0
11,34.447787,-118.56728,3.0,1558.0,True,2001.0,2.0,3.0,False,1.6757,2.0
8,34.152934,-117.53178,3.0,2905.0,True,2003.0,3.0,4.0,False,0.2588,1.0
17,34.247449,-118.43351,2.0,1195.0,False,1953.0,2.0,3.0,True,0.1744,1.0
3,33.848524,-117.732942,5.0,4384.0,True,2000.0,6.0,5.0,True,0.2597,2.0
81,34.110163,-118.383014,3.0,1628.0,False,1940.0,2.0,3.0,False,0.2731,2.0
38,33.817136,-118.281402,3.0,2273.0,True,1968.0,2.0,4.0,False,0.1203,2.0
120,34.11435,-118.314966,5.0,2398.0,True,1968.0,4.0,4.0,True,0.2303,1.0
54,34.093196,-118.050339,5.0,2933.0,True,2019.0,2.0,4.0,False,0.1593,1.0
52,33.658016,-117.234167,2.0,1294.0,False,2011.0,2.0,3.0,False,0.2,1.0
23,37.97577809,-122.3083518,2.0,1444.0,False,1994.0,2.0,3.0,False,0.21,1.0
18,34.222963,-118.897095,2.0,1209.0,True,1977.0,2.0,3.0,False,0.14,1.0
7,34.096604,-117.72958,2.0,1407.0,True,1955.0,4.0,3.0,False,0.2118,1.0
151,38.06012334,-122.15338734,2.0,2656.0,False,1984.0,2.0,3.0,False,0.2233,2.0
7,34.035318,-118.375997,2.0,1382.0,True,1941.0,4.0,3.0,False,0.1148,1.0
26,37.82206394,-122.19064325,1.0,1115.0,False,1960.0,2.0,2.0,False,0.1439,1.0
26,33.757245000000005,-116.918127,4.0,2417.0,True,2005.0,3.0,4.0,True,0.46,1.0
58,33.538354,-117.776363,2.0,1460.0,True,1929.0,2.0,4.0,False,0.0918,1.0
82,34.591902000000005,-118.163211,2.0,2278.0,False,2025.0,2.0,4.0,False,0.1908,1.0
6,36.99966979,-121.57985739,3.0,2085.0,True,1978.0,2.0,4.0,False,0.124,1.0
43,33.932133,-118.149299,2.0,2325.0,True,1949.0,5.0,3.0,True,0.1978,1.0
4,33.7416,-116.962428,1.0,1007.0,False,1955.0,2.0,2.0,False,0.4,1.0
14,34.059032,-117.50153,2.0,1373.0,True,1980.0,3.0,4.0,False,0.4604,1.0
15,33.900185,-117.330309,3.0,3262.0,True,2003.0,3.0,5.0,False,0.31,2.0
37,34.102777,-117.668143,2.0,1491.0,False,1963.0,2.0,3.0,False,0.1722,1.0
18,32.91995934,-117.08466232,3.0,2624.0,False,1988.0,4.0,4.0,False,0.1195,2.0
60,33.257664,-117.141023,3.0,2346.0,False,1999.0,4.0,4.0,False,0.1232,2.0
15,34.280673,-119.234321,3.0,1612.0,True,1964.0,2.0,4.0,False,0.2,1.0
7,34.119718,-117.157185,3.0,2444.0,True,1991.0,3.0,4.0,False,0.1808,2.0
12,37.92233935,-122.02406573,3.0,2310.0,True,1970.0,2.0,5.0,False,0.2369,1.0
11,34.114408000000005,-117.369575,3.0,1982.0,True,1958.0,2.0,3.0,False,0.3357,1.0
132,33.788142,-116.297119,2.0,1858.0,False,2002.0,2.0,2.0,False,0.16,1.0
29,33.996691,-118.325452,4.0,1612.0,False,1922.0,0.0,4.0,False,0.1485,1.0
7,32.89553886,-117.16127298,4.0,2464.0,False,2022.0,4.0,4.0,False,0.18,1.0
12,34.300195,-118.864377,2.0,1774.0,True,1990.0,3.0,3.0,False,0.375,1.0
0,37.79978067,-121.93390556,2.0,2022.0,True,1987.0,2.0,4.0,False,0.2204,1.0
13,33.934208,-117.399919,1.0,770.0,False,1937.0,2.0,2.0,False,0.17,1.0
103,33.816673,-118.012193,3.0,2002.0,True,1999.0,2.0,4.0,False,0.0799,2.0
39,33.344389,-115.985443,3.0,1700.0,False,2007.0,4.0,5.0,False,0.2418,2.0
9,39.734373,-121.57386,2.0,1200.0,True,2025.0,2.0,2.0,False,0.63,1.0
6,33.900125,-117.846845,2.0,1761.0,True,1971.0,2.0,4.0,False,0.1658,1.0
18,38.785673,-122.544604,4.0,3026.0,True,2003.0,2.0,5.0,True,0.25,1.0
122,37.98948057,-122.3524198,3.0,2320.0,False,2024.0,2.0,4.0,False,0.1296,2.0
5,34.136165000000005,-118.206235,2.0,2066.0,True,1925.0,2.0,3.0,False,0.1527,1.0
14,37.97468567,-122.10344664,2.0,2081.0,True,1979.0,2.0,4.0,False,0.2491,2.0
19,37.96355558,-122.35018412,1.0,1094.0,False,1930.0,0.0,2.0,False,0.17,1.0
119,33.794684000000004,-118.069014,2.0,1361.0,True,1963.0,4.0,3.0,False,0.166,1.0
7,37.7088858,-122.08034778,2.0,1432.0,True,1956.0,2.0,3.0,False,0.1206,1.0
54,34.669576,-118.212178,2.0,1885.0,True,1994.0,3.0,4.0,True,0.242,1.0
13,33.644787,-117.940571,2.0,2102.0,True,2013.0,4.0,4.0,False,0.1906,1.0
8,37.4461381,-121.90214957,3.0,1964.0,True,1978.0,2.0,4.0,False,0.1402,1.0
6,33.626771999999995,-117.61176,3.0,2322.0,True,1999.0,3.0,4.0,False,0.0906,2.0
3,33.54415,-117.719814,5.0,3839.0,True,2005.0,3.0,5.0,True,0.1394,2.0
43,34.033553999999995,-118.347589,1.0,1078.0,False,1923.0,1.0,3.0,False,0.1104,1.0
53,34.094813,-117.365563,1.0,1080.0,False,1954.0,1.0,3.0,True,0.1905,1.0
62,33.949026,-116.998602,3.0,2669.0,True,2003.0,2.0,5.0,True,0.14,2.0
7,33.941083,-117.952623,2.0,1500.0,True,1956.0,6.0,3.0,True,0.2204,1.0
33,33.975984000000004,-117.955655,3.0,2753.0,True,1973.0,5.0,4.0,False,0.3877,2.0
23,33.591714,-117.679206,2.0,1382.0,True,1975.0,2.0,3.0,False,0.1322,1.0
5,33.737442,-116.953892,2.0,1683.0,False,1962.0,2.0,3.0,False,0.23,1.0
6,33.855203,-117.990348,2.0,1279.0,False,1955.0,5.0,3.0,False,0.1377,1.0
39,33.625671000000004,-117.638695,3.0,1818.0,True,1983.0,2.0,3.0,False,0.0798,2.0
5,33.688158,-117.22204,2.0,1724.0,False,2001.0,3.0,4.0,True,0.17,1.0
4,33.684396,-117.950971,2.0,1176.0,False,1963.0,2.0,3.0,False,0.1426,1.0
23,35.120214000000004,-120.620843,3.0,1768.0,True,2004.0,2.0,3.0,False,0.1065,2.0
68,33.964985,-118.090715,2.0,1757.0,False,1952.0,1.0,4.0,False,0.1433,2.0
37,33.970040999999995,-117.71284,2.0,1430.0,True,2005.0,2.0,3.0,False,0.12,1.0
29,37.70338209,-122.11555156,2.0,1890.0,False,1930.0,0.0,3.0,False,0.109,2.0
24,32.766383000000005,-116.981473,3.0,2250.0,True,1956.0,12.0,4.0,True,1.03,1.0
14,37.85202273,-122.26289439,3.0,1525.0,False,2008.0,1.0,3.0,False,0.2296,2.0
79,33.807701,-117.840762,3.0,2540.0,True,1973.0,2.0,4.0,False,0.1598,2.0
74,33.812378,-116.434959,5.0,4369.0,True,2003.0,3.0,4.0,True,0.37,1.0
7,33.786157,-117.803391,2.0,1000.0,True,1913.0,1.0,3.0,False,0.2164,1.0
2,34.254883,-117.22972,3.0,3604.0,True,2005.0,3.0,5.0,False,0.2204,2.0
12,32.79752251,-117.20785279,4.0,2063.0,True,1959.0,1.0,3.0,False,0.19,1.0
78,33.587675,-117.202728,3.0,1761.0,True,1995.0,2.0,3.0,False,0.11,2.0
13,34.051054,-117.781645,1.0,810.0,False,1949.0,2.0,2.0,False,0.1633,1.0
6,33.627303999999995,-117.912357,2.0,1718.0,True,1956.0,2.0,3.0,False,0.1377,1.0
223,34.455025,-117.336152,2.0,1982.0,True,2024.0,3.0,4.0,False,1.0,1.0
14,33.562095,-117.58553899999998,5.0,4109.0,True,2000.0,3.0,5.0,True,0.148,2.0
10,36.97428461,-121.97754255,2.0,1355.0,False,1963.0,2.0,3.0,True,0.176,2.0
17,37.93078742,-122.08531761,2.0,1534.0,True,1951.0,2.0,3.0,False,0.2296,1.0
33,33.771204,-117.849125,2.0,1682.0,True,1971.0,2.0,4.0,True,0.1446,1.0
5,33.680652,-117.148009,2.0,2184.0,True,2007.0,3.0,3.0,False,0.15,1.0
134,38.981706,-122.837704,2.0,1527.0,True,1984.0,2.0,4.0,False,0.23,1.0
36,34.139292,-118.389261,5.0,2688.0,True,1940.0,2.0,3.0,False,0.1147,2.0
13,32.671378999999995,-117.003224,3.0,2420.0,True,1978.0,2.0,4.0,True,0.2579,2.0
36,35.271453,-120.648914,1.0,1269.0,False,1954.0,1.0,3.0,False,0.1542,1.0
44,38.02445091,-121.6114702,2.0,1393.0,False,1947.0,0.0,3.0,False,0.186,2.0
1,36.803577,-119.694222,3.0,1512.0,False,2018.0,2.0,3.0,False,0.0512,2.0
37,34.276627000000005,-118.868315,4.0,3307.0,True,2002.0,2.0,4.0,False,0.18,2.0
0,34.124734000000004,-118.143662,1.0,968.0,True,1928.0,3.0,2.0,False,0.1037,1.0
53,32.73869407,-116.99358793,2.0,1573.0,True,1938.0,13.0,4.0,False,0.65,1.0
13,37.8911075,-122.29492106,2.0,1438.0,True,1932.0,4.0,2.0,False,0.1148,1.0
7,37.8930882,-122.29681099,3.0,1720.0,True,1920.0,3.0,5.0,False,0.1148,2.0
48,34.192362,-119.237659,2.0,1471.0,False,2015.0,2.0,3.0,False,0.14,1.0
63,33.73486482,-117.18550799,2.0,1371.0,True,2001.0,6.0,3.0,False,0.23,1.0
33,33.16044479,-117.33509145,2.0,2269.0,True,1970.0,4.0,3.0,True,0.2135,1.0
23,34.192822,-118.85789,3.0,2246.0,True,1959.0,1.0,4.0,True,0.76,1.0
0,33.475586,-117.695504,3.0,1819.0,True,1990.0,2.0,2.0,False,0.0781,2.0
4,34.131721,-117.873125,2.0,1452.0,True,1952.0,2.0,3.0,False,0.1467,1.0
72,37.52045947,-121.93313,3.0,2308.0,True,1988.0,3.0,4.0,False,0.2056,2.0
3,33.207919,-117.231292,3.0,2479.0,True,1999.0,4.0,5.0,False,0.3143,2.0
34,33.694826,-117.900464,4.0,3020.0,True,1978.0,3.0,5.0,False,0.1377,2.0
1,34.108017,-118.31505,2.0,1845.0,True,1924.0,2.0,3.0,False,0.094,1.0
7,37.90790259,-122.09505911,3.0,1922.0,True,1959.0,2.0,4.0,False,0.53,1.0
14,34.142119,-117.450027,3.0,1650.0,True,2002.0,2.0,3.0,False,0.0933,2.0
11,33.85945,-118.18568700000002,2.0,1400.0,False,1929.0,2.0,3.0,False,0.152,1.0
63,34.137596,-118.619277,3.0,2135.0,True,1970.0,3.0,4.0,False,0.2604,1.0
8,37.75824658,-122.1402847,2.0,1822.0,False,1958.0,2.0,3.0,False,0.3033,1.0
4,33.756041,-117.839833,2.0,1476.0,True,1977.0,2.0,2.0,False,0.0981,1.0
26,33.739978,-116.19334,3.0,2554.0,False,2024.0,4.0,3.0,False,0.11,2.0
0,33.602492,-116.433012,5.0,3822.0,True,1990.0,6.0,5.0,True,5.06,1.0
1,34.113440999999995,-117.803044,2.0,1348.0,True,1961.0,2.0,3.0,True,0.1709,1.0
44,33.662565,-117.800184,2.0,1532.0,True,1974.0,2.0,3.0,False,0.1146,1.0
13,33.610011,-117.2616,4.0,2436.0,True,1987.0,2.0,5.0,False,0.17,2.0
25,33.935592,-116.498105,2.0,1747.0,False,2025.0,2.0,4.0,False,0.1653,1.0
12,36.97575734,-122.03948361,3.0,2434.0,True,1963.0,4.0,4.0,True,0.194,1.0
181,34.081091,-117.839974,3.0,2055.0,True,1975.0,2.0,3.0,False,0.191,1.0
6,39.760554,-121.827781,2.0,1404.0,False,1994.0,2.0,3.0,False,0.13,1.0
27,34.226183,-118.978634,2.0,1309.0,False,1979.0,2.0,2.0,True,0.07,1.0
5,34.120527,-117.526154,3.0,3016.0,True,2001.0,4.0,5.0,True,0.182,2.0
8,37.4730198,-122.21994408,2.0,1310.0,True,1943.0,2.0,4.0,True,0.1405,1.0
23,34.4001,-118.554847,3.0,1839.0,True,1987.0,4.0,4.0,False,0.1149,2.0
2,34.166268,-118.129178,2.0,1132.0,True,1912.0,2.0,2.0,False,0.2322,1.0
15,34.442853,-118.51001,2.0,1381.0,True,1971.0,2.0,3.0,False,0.1746,1.0
14,32.84182339,-116.76019419,4.0,2325.0,False,1996.0,6.0,4.0,False,1.06,2.0
7,33.02962735,-117.06359607,2.0,1817.0,True,1970.0,5.0,3.0,False,0.202,1.0
20,34.186098,-118.282086,2.0,2501.0,True,1937.0,2.0,3.0,False,0.2569,1.0
22,37.84802886,-122.25870572,3.0,2488.0,True,1912.0,1.0,5.0,False,0.0956,2.0
0,33.686998,-117.179473,2.0,1582.0,True,1988.0,2.0,4.0,False,0.17,1.0
74,33.8255,-118.170572,2.0,1978.0,True,1931.0,2.0,3.0,False,0.1326,1.0
15,34.032224,-118.51725,2.0,1873.0,True,1935.0,3.0,3.0,False,0.1498,1.0
63,34.386757,-118.452249,5.0,4303.0,True,2018.0,5.0,5.0,False,0.2356,2.0
